[
  {
    "slug": "iceland-ring-road",
    "name": "Iceland Ring Road Explorer",
    "location": "Iceland",
    "duration": 7,
    "price": 1899,
    "image": "https://images.unsplash.com/photo-1476610182048-b716b8518aae?q=80&w=1200&auto=format&fit=crop",
    "summary": "Waterfalls, black-sand beaches, glaciers, and hot springs along Iceland\u2019s Ring Road.",
    "description": "Experience Iceland\u2019s Ring Road with local guides.",
    "includes": [
      "6 nights lodging",
      "Daily breakfast",
      "Airport transfers",
      "Blue Lagoon entry"
    ],
    "itinerary": [
      "Arrive Reykjavik",
      "Golden Circle",
      "South Coast",
      "Glacier Lagoon",
      "East Fjords",
      "North Iceland",
      "Return to Reykjavik"
    ]
  }
]